{"cameraMode":{"drawMode":0,"name":"Shaded","section":"Shading Mode"},"sceneLighting":false,"audioPlay":false,"sceneViewState":{"m_AlwaysRefresh":false,"showFog":true,"showSkybox":false,"showFlares":true,"showImageEffects":true,"showParticleSystems":true,"showVisualEffectGraphs":true,"m_FxEnabled":true},"in2DMode":false,"pivot":{"x":0.06502437591552735,"y":0.04523091018199921,"z":0.04981943964958191},"rotation":{"x":0.17396730184555055,"y":-0.15268108248710633,"z":0.02726951614022255,"w":0.9724978804588318},"size":0.21650634706020356,"orthographic":false}